Row Names,instance_auroc,full_pixel_auroc,anomaly_pixel_auroc
dataset_bottleeasy,1.0,0.9840396685395147,0.9786131107118783
Mean,1.0,0.9840396685395147,0.9786131107118783
